origen,destino,km,tipo_via,velocidad_kmh,minutos
Monreal,Lorbaga,33,comarcal,60,33
Monreal,Halcoria,31,comarcal,60,31
Monreal,Umbria,78,autovía,120,39
Sotoval,Torbel,84,autovía,120,42
Sotoval,Doriana,74,nacional,90,49
Sotoval,Mirasol,48,nacional,90,32
Sotoval,Fontanar,53,comarcal,60,53
Sotoval,Cordelia,69,comarcal,60,69
Orzaya,Yerbal,34,comarcal,60,34
Torbel,Quintaval,43,nacional,90,29
Jarandilla,Hontanar,68,nacional,90,45
Jarandilla,Doriana,92,nacional,90,61
Jarandilla,Sarmenia,11,nacional,90,7
Jarandilla,Zaraiba,65,comarcal,60,65
Valcorta,Hontanar,33,comarcal,60,33
Valcorta,Jabalera,36,comarcal,60,36
Valcorta,Lumbrera,86,nacional,90,57
Valcorta,Duraza,31,comarcal,60,31
Cascante,Halcoria,101,nacional,90,67
Cascante,Olmeda,39,nacional,90,26
Guadela,Lastres,30,comarcal,60,30
Guadela,Lumbrera,75,autovía,120,38
Guadela,Escobal,53,comarcal,60,53
Hontanar,Jabalera,46,nacional,90,31
Hontanar,Sarmenia,65,nacional,90,43
Hontanar,Lumbrera,62,comarcal,60,62
Jabalera,Lastres,85,nacional,90,57
Jabalera,Lumbrera,65,comarcal,60,65
Jabalera,Espinel,85,nacional,90,57
Doriana,Mirasol,90,autovía,120,45
Doriana,Fontanar,72,nacional,90,48
Lastres,Lumbrera,60,comarcal,60,60
Lastres,Espinel,91,nacional,90,61
Mirasol,Zaraiba,78,autovía,120,39
Mirasol,Fontanar,20,comarcal,60,20
Sarmenia,Zaraiba,59,comarcal,60,59
Zaraiba,Fontanar,60,comarcal,60,60
Zaraiba,Lumbrera,31,comarcal,60,31
Quiroga,Yerbal,77,autovía,120,38
Quiroga,Espinel,93,autovía,120,46
Quiroga,Escobal,50,comarcal,60,50
Lorbaga,Escobal,102,autovía,120,51
Lorbaga,Umbria,54,nacional,90,36
Fontanar,Lumbrera,76,autovía,120,38
Torbel,Hontanar,184,tren lanzadera,160,69
